<?xml version="1.0" encoding="UTF-8"?>
<configuration scan="true">

       <property name="ROOTPATH" value="/app/logs/FreshdeskApplication/" />


       <appender name="consoleAppender" class="ch.qos.logback.core.ConsoleAppender">

              <encoder class="ch.qos.logback.classic.encoder.PatternLayoutEncoder">
                     <pattern>%date %level %green([%thread] %logger{10}.%M) [%file:%line]
					%msg%n
				</pattern>

              </encoder>

       </appender>

       <appender name="FILE"
              class="ch.qos.logback.core.rolling.RollingFileAppender">
              <file>${ROOTPATH}/BlinkxBeyondServiceApplication.log</file>
              <rollingPolicy
                     class="ch.qos.logback.core.rolling.TimeBasedRollingPolicy">
                     <!-- daily rollover. Make sure the path matches the one in the file
                     element 
                           or else the rollover logs are placed in the working directory. -->
                     <fileNamePattern>
                           ${ROOTPATH}/FreshdeskApplication%d{yyyy-MM-dd}.%i.log
                     </fileNamePattern>

                     <timeBasedFileNamingAndTriggeringPolicy
                           class="ch.qos.logback.core.rolling.SizeAndTimeBasedFNATP">
                           <maxFileSize>100MB</maxFileSize>
                     </timeBasedFileNamingAndTriggeringPolicy>
                     <!-- keep 360 days' worth of history -->
                     <maxHistory>360</maxHistory>
              </rollingPolicy>

              <!--          <encoder>
                     <charset>UTF-8</charset>
                     <pattern>
                           %d{yyyy-MM-dd HH:mm:ss} - %d %-4relative [%thread] %-5level %logger{35} 
                                  - %msg%n 

                           %d %p %C{1.} [%t] %m%n
                     </pattern>
              </encoder>-->
              <encoder class="ch.qos.logback.classic.encoder.PatternLayoutEncoder">
                     <pattern>
				%date %level [%thread] %logger{10}.%M [%file:%line] %msg%n
			</pattern>
              </encoder>
       </appender>

       <!-- <logger name="org.springframework.web" level="TRACE" />  -->
       <logger name="com.freshdesk" level="INFO" />

       <root level="INFO">
              <appender-ref ref="consoleAppender" />
       </root>
       <root level="DEBUG">
              <appender-ref ref="FILE" />
       </root>
       <root level="ERROR">
              <appender-ref ref="consoleAppender" />
       </root>
</configuration>
